text,count
กระทู้คำถาม ,17578
กระทู้สนทนา ,5086
#คมชัดลึก,3443
#themasksinger,2447
ปัญหาความรัก,1443
ความรักวัยรุ่น,1232
#themasksinger2,1187
#ThaiPBS,997
ปัญหาชีวิต,865
#workpoint23,857
#มติชนกีฬา,828
ชีวิตวัยรุ่น,785
หุ้น,755
,726
#ช่องวัน31,696
ละครโทรทัศน์,655
ความรักวัยทำงาน,562
ประสบการณ์ชีวิตคู่,560
#BBTVCH7,542
ศาลาคนเศร้า,536
#ช่อง7HDความสุขครบรสกดเบอร์เดียว35,534
#เดลินิวส์,533
#Workpoint23,532
กระทู้รีวิว ,514
#มติชนต่างประเทศ,500
AIS,496
เที่ยวต่างประเทศ,492
โทรศัพท์มือถือ,482
7 HD,473
แอบรัก,457
dtac,446
ฟุตบอล,426
วอลเลย์บอล,426
มนุษย์เงินเดือน,423
truemove H,414
สมาร์ทโฟน,413
เค-ป็อป,393
#Ch7news,387
ฟุตบอลไทย,382
สุขภาพกาย,379
การศึกษา,373
#ช่อง7HD,372
การเรียน,350
รถยนต์,348
คอมพิวเตอร์,343
#ข่าวช่อง3,343
#Ch3ThailandNews,343
ความงาม,340
ฟุตบอลต่างประเทศ,339
#ข่าวอาชญากรรม,334
#ข่าวเวิร์คพอยท์,333
#กด35,325
นักร้องนักดนตรีเกาหลี,323
#one31,321
ปัญหาครอบครัว,314
กระทู้ข่าว ,313
ปัญหาสังคม,307
หาเพื่อน,307
มอเตอร์ไซค์,306
#ข่าวทั่วไป,301
BEC (ช่อง 3),301
อินเทอร์เน็ต,299
พรีเมียร์ลีก,298
สุขภาพจิต,293
เพื่อนวัยเรียน,293
ปัญหาวัยรุ่น,292
#คุณภาพชีวิต,288
#มติชนบันเทิง,288
มหาวิทยาลัย,286
ภาพยนตร์,279
แพทย์,279
นักแสดง,276
บันทึกนักเดินทาง,275
iPhone,272
Hurt Room,271
#MCOTFamilyช่อง14,270
#ครอบครัวข่าว3,269
#,264
สโมสรฟุตบอลอังกฤษ,260
การเงิน,256
ร้องทุกข์,253
คุ้มครองผู้บริโภค,249
3 HD (BEC),248
ธนาคาร,245
#ช่องหมายเลข3,244
กฎหมายชาวบ้าน,243
เพลง,241
การลงทุน,236
เกม,233
#KrobKruaKao3,232
การเมือง,232
ครอบครัว,232
#อ่อนแอก็แพ้ไป,229
4G,228
#WeAreEbola,227
Android,226
อิเล็กทรอนิกส์,223
อาหาร,223
Mobile Operator,222
ภาพยนตร์ต่างประเทศ,221
ศาลาคนโสด,219
ศาสนาพุทธ,218
ดูดวง,213
#ข่าวสดทุกทิศทั่วไทย,209
#ก้าวคนละก้าว,206
วิทยาศาสตร์,206
เที่ยวไทย,206
กีฬา,206
#กดหมายเลข23,205
#ข่าวสดบันเทิง,204
#CentralDepartmentStore,203
การ์ตูน,202
คอมมือใหม่,201
iOS,199
การ์ตูนญี่ปุ่น,197
อนิเมะ,197
#g19fest,189
นักแสดงหญิง,186
#ch7dramasociety,186
Backpack,185
สโมสรฟุตบอลไทย,184
รายการโทรทัศน์,184
ซอฟต์แวร์,184
บ้าน,181
#ห้องข่าวบันเทิง,178
#WorkpointNews,176
ประสบการณ์ความรัก,175
ประวัติศาสตร์,172
#เรือนเบญจพิษ,172
truemove,170
ทรัพยากรบุคคล,170
#BigAssRockBand,170
#genierecords,165
เครื่องสำอาง,165
Social Network,164
#MONO29,164
โรงพยาบาล,163
บัตรเครดิต,161
หน้าต่างโลก,160
เจ้าของธุรกิจ,159
ฮาร์ดแวร์,158
#ข่าวหน้า1,157
#ไทยบันเทิง,156
#ไทยรัฐ,156
ไทยพรีเมียร์ลีก,156
Skin Care,155
#ล่า,155
ความเชื่อส่วนบุคคล,150
สถานีโทรทัศน์,150
เครื่องใช้ไฟฟ้า,150
The Mask Singer หน้ากากนักร้อง (รายการโทรทัศน์),148
#khaosod,147
#ช่องone31,146
#nna,146
#BUGABOOTV,146
แนะแนวการศึกษา,145
สัตว์เลี้ยง,143
#Meanband,143
ศาสนา,143
การจราจร,142
วิชาการ,140
#TheMaskSinger,140
เกมคอมพิวเตอร์,138
ภาษาอังกฤษ,136
แฟชั่น,135
เพศที่สาม,134
รถโดยสาร,134
แผนที่เดินทาง,131
รัฐบาล,131
เทคโนโลยี,131
สายการบิน,130
#คมชัดลึกกีฬา,130
ลดความอ้วน,129
#ช่อง28,129
#ebolasound,128
#speakerwarg,128
#ebolaband,127
กรุงเทพมหานคร,127
#ebolathairockband,127
สิว,127
#watches2rock,127
#ebolatv,127
#ครอบครัวข่าว3online,125
#KrobKruaKao3Online,125
โรงเรียน,125
พนักงานบริษัท,125
ร้านอาหาร,124
ซีรีส์,124
#ความพยาบาทเป็นของหวาน,123
ยา,122
วิศวกรรมศาสตร์,121
#บันเทิงคมชัดลึก,121
นักแสดงชาย,121
#บันเทิงไทย,120
กระทู้โพล ,119
Samsung Smartphone,119
#ชายไม่จริงหญิงแท้,118
#หมื่นตาจราจร,118
ซ่อมบำรุงรถยนต์,118
งานขาย,117
#MercedesBenzThailand,116
อาวุธยุทโธปกรณ์,116
The Face Thailand,114
#แม่อายสะอื้น,114
Wi-Fi,114
นักวอลเลย์บอล,114
สังคมคุณแม่,114
สังคมชาวพันทิป,113
Network,113
#4,112
ชีวิตในต่างแดน,112
#3SD,112
สถานที่ท่องเที่ยวต่างประเทศ,111
รถโดยสารประจำทาง,111
เศรษฐกิจ,111
เที่ยวญี่ปุ่น,111
เตือนภัย,111
ดนตรี,110
หมอดู,109
เกมออนไลน์,109
ซีรีส์ฝรั่ง,108
3G,108
นักร้องนักดนตรี,108
นักกีฬา,107
#WorkpointSHORTs,107
Facebook,107
Mobile Application,105
การตลาด,105
อะไหล่รถ,105
เพื่อนร่วมงาน,104
การบริหารจัดการ,104
คอมพิวเตอร์แล็ปท็อป,103
#ข่าวช่องวัน,103
#1,102
#potatoband,102
Game of Thrones,102
ผลิตภัณฑ์ดูแลผิวหน้า,102
ภาษาต่างประเทศ,102
แมว,100
#ช่อง33,100
ตั้งครรภ์,100
one HD (GMM),99
วีซ่า,99
โรงแรมรีสอร์ท,99
อาหารไทย,99
อสังหาริมทรัพย์,99
แต่งหน้า,99
#TheLionTour2017,99
ต้นไม้,98
โภชนาการ,98
#ปริศนาฟ้าแลบ,98
#หน้ากากหอยนางรม,98
#ข่าวบันเทิง,98
#ข่าวสด,97
#ช่อง8,97
#ละครดี4วันรวด,97
#ข่าวกีฬา,96
ชีววิทยา,96
ซีรีส์เกาหลี,96
เรียนต่อต่างประเทศ,95
#2,95
โหราศาสตร์,95
ประเทศญี่ปุ่น,95
ทำอาหาร,95
คลับสุขภาพ,94
สุนัข,94
ระบบขนส่งมวลชน,94
#AmazingThailand,94
#หน้ากากทุเรียน,94
ดูแลและซ่อมแซมบ้าน,93
#meanband,93
แต่งกลอน,91
อุรัสยา เสปอร์บันด์ (ญาญ่า),91
เพลงสากล,91
ดูดวงไพ่ยิปซี,91
Android App,90
แต่งรถ,89
ฟิตเนส,89
#sweetmulletband,88
3BB,88
#RubberDay2018,87
ปฏิบัติธรรม,87
#งานยางพารา2561,87
#Workpoint,86
#ChangMusicConnection,86
ประกอบคอมพิวเตอร์,86
#MusketeersBand,86
สูตรอาหาร,86
ตลาดหลักทรัพย์,86
กล้องถ่ายรูป,85
นักเรียน,85
#ดูดวง,85
สนามบิน,85
#Buengkan,85
การออมเงิน,85
จัดสเป็คคอม,85
#3,84
อุบัติเหตุบนท้องถนน,84
#Ch3ThailandNewsOnline,83
คอมพิวเตอร์แบบตั้งโต๊ะ,83
คลินิกความงาม,83
นักแสดงไทย,83
#ข่าวช่อง3online,83
ภาพถ่าย,82
#แม่สื่อจอมป่วน,82
#5,82
#AnandaDevelopment,82
#mulletcrew,82
#UrbanLivingSolutions,81
#หวย30ล้าน,81
ทำบุญ,81
#eventpass,81
AIS Fibre,81
#WorkpointNews‬,80
true online,80
#เศรษฐกิจ,80
#หน้ากากจิงโจ้,80
เที่ยวทะเล,80
Workpoint TV,80
#มือปราบเหยี่ยวดำ,79
#GenC,79
#ไทยรัฐทีวี32,78
หนังสือ,78
เรตติ้งละคร,78
#คุณชายไก่โต้ง,78
#ไลฟ์สไตล์,78
#8,77
ชิ้นส่วนคอมพิวเตอร์,77
#TrueMoney,76
#Chang,76
รักสามเส้า,75
#ไมค์หมดหนี้,75
#Tvpoolonline,74
#Tvpoolbuffet,74
งานค้าขาย,74
เที่ยวภูเขา,74
iPhone App,74
#อาชญากรรม,73
ออกแบบและสร้างบ้าน,73
อู่ซ่อมรถ,72
โรคผิวหนัง,72
รัฐศาสตร์,72
ประเทศไทย,71
#9,71
#บรรจงชงข่าว,71
วัด,71
#TrueMoneyWallet,71
กองทุนรวม,71
คอนโดมิเนียม,71
#3HD,71
สถานที่ท่องเที่ยวสำหรับครอบครัว,70
dtac TriNet,70
เล่ห์ลับสลับร่าง (ละคร),70
Men's Fashion,70
ผลิตภัณฑ์ดูแลผิว,70
#6,70
#7,69
#10,69
คนไทยในญี่ปุ่น,68
สิ่งลี้ลับ (mystery),68
#เพลงดังอีกครั้งหนึ่ง,68
ภาพยนตร์แอ็คชั่น,67
#The1Card,67
#Mono29,66
Value Investment,66
#ReMasterThailand,66
นักร้องนักดนตรีหญิง,66
#เป๊กผลิตโชค,66
พัชราภา ไชยเชื้อ (อั้ม),65
ไปรษณีย์ไทย,64
ย้ายค่ายเบอร์เดิม,64
#หน้ากากกระต่าย,64
ตกแต่งบ้าน,64
อุปกรณ์กล้อง,64
#ข่าวค่ำมิติใหม่ทั่วไทย,64
นำเข้าส่งออก,63
#ชิงร้อยชิงล้าน,63
#geniefest,62
#หมายความว่าอะไร,62
AIS 4G ADVANCED,62
สินเชื่อเพื่อที่อยู่อาศัย,61
มังงะ,61
#themasksinger3,61
LINE,61
สโมสรฟุตบอลเอสซีจี เมืองทอง ยูไนเต็ด,61
ทำงานต่างประเทศ,60
SME,60
Toyota,60
Chat,60
#ข่าวเวิร์คพอยท์ช่วงที่,60
บริษัทหลักทรัพย์,60
ความรักเพศที่สาม,59
#super10,59
ภูมิศาสตร์,59
#PRACHACHATP2P,59
รายการเรียลลิตี้โชว์,59
#คู่ข่าวเล่าทุกเรื่อง,59
#zaapparty,58
#ล่า2017,58
แอดมิชชั่น,58
#MissUniverse,58
อาหารเสริม,58
#AISIoT,58
ประกันสุขภาพ,58
การพัฒนาซอฟต์แวร์,58
เศรษฐศาสตร์,57
ภาษาไทย,57
ของหวาน,57
#FEED,57
กล้อง Mirrorless,57
ธุรกรรมออนไลน์,57
#TrueSelect,56
งานราชการ,56
ศัลยกรรมความงาม,56
Big Bike,56
#รู้ยัง,56
คณิตศาสตร์,56
The Face Men Thailand (รายการโทรทัศน์),56
#TrueShopping,56
#Thailand,56
#prachachat,55
ภาพถ่ายทิวทัศน์,55
ช่วยเหลือสัตว์,55
ออกกำลังกาย,55
โทรศัพท์,55
#Teaser,55
#MeanBand,55
#THAISUPERMODELCONTEST2018,55
ช่างภาพ,55
แท็บเล็ต,55
Manchester United F.C.,55
#เปลี่ยนให้ทันโลก,54
#Prachachat2017,54
#NewBusiness,54
#ประชาชาติ60,54
#สัมมนาประชาชาติ60,54
มิวสิควิดีโอ,54
#RooYoung,54
#แอดมินตัวเล็ก,54
#ตูนบอดี้สแลม,54
#sweetmullet,54
#BNK48,53
วิ่งเพื่อสุขภาพ,53
#หน้ากากเต่า,53
แฟนเก่า,52
ทันตกรรม,52
#beMercedes,52
หนังสือการ์ตูน,52
ณเดชน์ คูกิมิยะ (แบรี่),52
คนไทยในอเมริกา,52
#EnjoyHondaThailand,52
Liverpool F.C.,52
ความบันเทิงในบ้าน,52
Microsoft Windows,52
YouTube,52
ประวัติศาสตร์ไทย,52
#ข่าวสดการเมือง,51
#ผังรายการ,51
#เลข23,51
จักรยาน,51
#ชูวิทย์ตีแสกหน้า,51
#TheNewKingPowerRangnam,51
#ชำระเงินปลายทางได้,51
Samsung,51
ฟิสิกส์,51
#icanseeyourvoice,51
#จัดส่งฟรีทั่วประเทศ,51
อุปกรณ์เครื่องใช้ภายในบ้าน,51
โรงภาพยนตร์,51
จังหวัดเชียงใหม่,50
รถไฟ,50
เกมบนโทรศัพท์มือถือ,50
รถกระบะ,50
พยาบาล,50
โรคซึมเศร้า,50
รายการวาไรตี้โชว์,50
กล้อง DSLR,50
#ข่าวต่างประเทศ,50
#TheXFactorThailand,50
ภาพยนตร์ระทึกขวัญ,50
เพลิงพระนาง,50
TFEX (Thailand Future Exchange),49
นักร้องนักดนตรีไทย,49
ปรัชญา,49
#THAISUPERMODEL2018,49
เคมี,49
การ์ตูนการเมือง,49
#TSM2018,49
การเลี้ยงลูก,49
ธนาคารไทยพาณิชย์,49
Honda (มอเตอร์ไซค์),49
#oneบันเทิง,49
#สัมมนาประชาชาติ,48
Honda (รถยนต์),48
คลื่นชีวิต (ละคร),48
สถานที่ท่องเที่ยวในประเทศ,48
ปริญ สุภารัตน์ (หมาก),48
กล้องดิจิตอล,48
พระไตรปิฎก,48
#camelcut,48
